{
  "timestamp": "2025-10-12T20:51:14.077200",
  "total_trades": 0,
  "winning_trades": 0,
  "losing_trades": 0,
  "win_rate": 0.5,
  "total_pnl": 0.0,
  "current_capital": 21360.695,
  "roi": 113.60695000000001,
  "avg_win": 5.0,
  "avg_loss": 3.0
}